{"nose_x_min": 0.7484000608657846, "nose_x_max": 0.41084808266730094, "nose_y_min": 0.5970725514026811, "nose_y_max": 0.6247101384975821, "iris_x_min": 0.44684526625788934, "iris_x_max": 0.5812814976117792, "iris_y_min": -0.1300474264642816, "iris_y_max": -0.044982064200207235}