{"nose_x_min": 0.42870536411801974, "nose_x_max": 0.5195193482935427, "nose_y_min": 0.38122629594471724, "nose_y_max": 0.4651556594007545, "iris_x_min": 0.4690369172003718, "iris_x_max": 0.5584363588303283, "iris_y_min": -0.13314207317537743, "iris_y_max": -0.0004859890378828297}